,City Name,Lat,Lon,Max Temperature,Humidity,Cloudiness,Wind Speed,Country,Date
0,Bathsheba,13.2167,-59.5167,78.8,65,40,21.85,BB,1614397309
1,Punta Arenas,-53.15,-70.9167,48.2,87,0,8.05,CL,1614397310
2,Atuona,-9.8,-139.0333,79.86,80,81,14.29,PF,1614397311
3,Bandarbeyla,9.4942,50.8122,76.08,79,58,13.58,SO,1614397313
4,Hilo,19.7297,-155.09,77.0,65,90,8.05,US,1614397071
5,Butaritari,3.0707,172.7902,81.59,79,67,19.77,KI,1614397315
6,Lebu,-37.6167,-73.65,56.79,86,7,17.74,CL,1614397220
7,Hithadhoo,-0.6,73.0833,82.17,71,75,11.63,MV,1614397318
8,Port Shepstone,-30.7414,30.455,66.88,80,42,5.01,ZA,1614397319
9,Esperance,-33.8667,121.9,73.4,53,90,13.8,AU,1614397320
10,Jamestown,42.097,-79.2353,35.01,94,1,13.8,US,1614397256
11,Touros,-5.1989,-35.4608,73.4,94,40,4.61,BR,1614397323
12,Longyearbyen,78.2186,15.6401,15.8,67,75,10.36,SJ,1614397324
13,Avarua,-21.2078,-159.775,84.2,79,75,20.71,CK,1614397325
14,Puerto Ayora,-0.7393,-90.3518,79.0,92,11,4.0,EC,1614397326
15,Rikitea,-23.1203,-134.9692,78.03,82,80,24.56,PF,1614397328
16,Vaitape,-16.5167,-151.75,83.12,68,6,10.47,PF,1614397329
17,Iqaluit,63.7506,-68.5145,-20.0,69,75,1.7,CA,1614397330
18,Barra Patuca,15.8,-84.2833,77.85,76,12,13.2,HN,1614397332
19,Moyale,3.5167,39.0584,64.76,54,0,0.25,KE,1614397333
20,Vaini,-21.2,-175.2,80.6,69,75,4.61,TO,1614397334
21,Saskylakh,71.9167,114.0833,-18.65,79,92,2.15,RU,1614397336
22,Bredasdorp,-34.5322,20.0403,53.6,94,10,2.3,ZA,1614397337
23,Melivoia,39.75,22.8,39.2,93,0,3.06,GR,1614397338
24,Albany,42.6001,-73.9662,30.0,63,92,4.47,US,1614397058
25,Sakakah,29.9697,40.2064,46.4,42,0,4.79,SA,1614397341
26,Provideniya,64.3833,-173.3,-12.57,80,0,10.51,RU,1614397342
27,Ushuaia,-54.8,-68.3,53.6,71,20,6.91,AR,1614397147
28,Tevriz,57.509,72.4042,-18.81,97,13,2.93,RU,1614397345
29,Pedernales,18.0384,-71.744,75.6,62,0,5.7,DO,1614397346
30,Dikson,73.5069,80.5464,-14.58,94,98,14.9,RU,1614397347
31,Hong Kong,22.2855,114.1577,66.99,88,98,1.99,HK,1614397119
32,Saint Anthony,45.0205,-93.218,35.6,80,40,9.22,US,1614397349
33,Khani,41.9563,42.9566,28.4,100,0,5.75,GE,1614397351
34,New Norfolk,-42.7826,147.0587,71.01,43,100,1.01,AU,1614397352
35,Mataura,-46.1927,168.8643,63.0,88,54,13.0,NZ,1614397354
36,Shache,38.4167,77.2406,39.15,74,100,10.58,CN,1614397355
37,Saint-Philippe,-21.3585,55.7679,82.4,54,0,4.61,RE,1614397356
38,Coyhaique,-45.5752,-72.0662,62.6,63,0,4.61,CL,1614397358
39,Tasiilaq,65.6145,-37.6368,30.2,86,75,37.98,GL,1614397359
40,College,64.8569,-147.8028,17.6,79,90,5.75,US,1614397360
41,Tiksi,71.6872,128.8694,-18.51,87,100,2.57,RU,1614397361
42,Severo-Kuril'sk,50.6789,156.125,25.2,89,79,16.49,RU,1614397363
43,Kloulklubed,7.0419,134.2556,84.2,79,75,11.5,PW,1614397364
44,Kapaa,22.0752,-159.319,75.2,73,75,18.41,US,1614397366
45,Saint George,37.1041,-113.5841,50.0,15,1,5.75,US,1614397367
46,Itupiranga,-5.1347,-49.3267,71.69,96,96,1.3,BR,1614397204
47,Yumen,40.2833,97.2,26.87,56,100,15.01,CN,1614397369
48,Port Alfred,-33.5906,26.891,63.0,90,89,6.11,ZA,1614397371
49,Bluff,-46.6,168.3333,63.0,88,100,13.0,NZ,1614397372
50,Upata,8.0086,-62.3989,75.99,88,93,4.0,VE,1614397373
51,Forbes,-33.3833,148.0167,91.0,24,27,6.08,AU,1614397375
52,Den Helder,52.9599,4.7593,37.0,100,90,2.3,NL,1614397376
53,Faanui,-16.4833,-151.75,82.74,69,18,9.82,PF,1614397377
54,Helong,42.5397,128.9972,40.39,61,68,2.75,CN,1614397378
55,Labuhan,-6.8844,112.2051,86.2,68,34,10.09,ID,1614397380
56,Castro,-24.7911,-50.0119,58.69,96,34,8.03,BR,1614397381
57,Luleå,65.5842,22.1547,24.8,80,9,6.91,SE,1614397382
58,Thompson,55.7435,-97.8558,-25.6,68,1,5.75,CA,1614397384
59,Tiznit Province,29.5833,-9.5,49.98,83,95,2.08,MA,1614397385
60,Marsh Harbour,26.5412,-77.0636,74.48,83,0,15.28,BS,1614397386
61,Acapulco de Juárez,16.8634,-99.8901,77.0,88,1,2.57,MX,1614397196
62,Atar,20.5169,-13.0499,58.28,34,0,11.54,MR,1614397389
63,Emden,53.3667,7.2167,42.01,97,0,3.0,DE,1614397390
64,Namatanai,-3.6667,152.4333,84.7,71,86,10.58,PG,1614397392
65,Karymskoye,51.6167,114.35,9.7,84,37,19.26,RU,1614397393
66,São Filipe,14.8961,-24.4956,73.54,48,0,18.05,CV,1614397394
67,Clyde River,70.4692,-68.5914,-7.6,77,90,10.36,CA,1614397395
68,Broome,42.2506,-75.833,30.99,55,1,10.36,US,1614397397
69,Cidreira,-30.1811,-50.2056,73.74,73,1,16.58,BR,1614397398
70,Marawi,7.9986,124.2928,84.99,75,22,7.0,PH,1614397399
71,Mar del Plata,-38.0023,-57.5575,73.99,73,0,3.44,AR,1614397401
72,Ambanja,-13.6833,48.45,75.2,87,75,2.3,MG,1614397402
73,Hermanus,-34.4187,19.2345,62.01,82,4,1.99,ZA,1614397404
74,Loíza,18.4313,-65.8802,77.0,78,75,13.8,PR,1614397405
75,Sangar,63.9242,127.4739,-14.01,85,7,6.44,RU,1614397406
76,Aklavik,68.2191,-135.0107,-29.2,75,43,6.91,CA,1614397408
77,Paamiut,61.994,-49.6678,23.83,94,100,22.3,GL,1614397409
78,Vardø,70.3705,31.1107,33.48,91,80,28.39,NO,1614397410
79,Guerrero Negro,27.9769,-114.0611,59.25,59,68,13.31,MX,1614397412
80,Constitución,-35.3333,-72.4167,58.1,77,0,10.65,CL,1614397413
81,Arraial do Cabo,-22.9661,-42.0278,75.4,87,100,10.25,BR,1614397414
82,Hobart,-42.8794,147.3294,71.01,48,40,11.5,AU,1614397120
83,Katsuura,35.1333,140.3,48.0,36,75,16.11,JP,1614397417
84,East London,-33.0153,27.9116,62.6,94,90,5.75,ZA,1614397130
85,Pevek,69.7008,170.3133,-25.67,96,1,2.59,RU,1614397419
86,Kumul,42.8,93.45,27.79,46,84,5.77,CN,1614397420
87,Alice Springs,-23.7,133.8833,93.2,10,0,6.91,AU,1614397386
88,Palembang,-2.9167,104.7458,86.0,70,75,9.22,ID,1614397423
89,Busselton,-33.65,115.3333,75.0,55,0,4.0,AU,1614397424
90,Tabuk,17.4189,121.4443,81.82,69,82,4.43,PH,1614397425
91,Salinópolis,-0.6136,-47.3561,77.92,88,100,8.68,BR,1614397427
92,Khilok,51.3674,110.4676,6.19,80,81,16.44,RU,1614397428
93,Matara,5.9485,80.5353,83.19,70,22,3.78,LK,1614397430
94,Chokurdakh,70.6333,147.9167,-20.02,88,92,0.56,RU,1614397431
95,Lissone,45.6156,9.2465,51.01,93,40,1.14,IT,1614397432
96,Lālganj,25.8667,85.1833,73.4,43,0,6.91,IN,1614397434
97,George Town,5.4112,100.3354,86.0,62,20,5.75,MY,1614397208
98,Kavieng,-2.5744,150.7967,85.48,63,96,9.48,PG,1614397436
99,Sur,22.5667,59.5289,74.7,67,0,15.59,OM,1614397438
100,Nālūt,30.3333,10.85,45.82,74,0,9.57,LY,1614397439
101,Tucumcari,35.1717,-103.725,48.2,18,1,3.44,US,1614397441
102,Thaba-Tseka,-29.522,28.6084,45.54,89,48,2.35,LS,1614397442
103,Camacha,33.0833,-16.3333,57.2,54,40,14.97,PT,1614397443
104,Vao,-22.6667,167.4833,76.93,74,1,16.75,NC,1614397444
105,Ribeira Grande,38.5167,-28.7,60.51,89,98,14.54,PT,1614397446
106,Ürümqi,43.801,87.6005,10.4,79,61,2.24,CN,1614397447
107,Torbay,47.6666,-52.7314,19.0,79,90,16.11,CA,1614397448
108,Bārān,25.1,76.5167,80.94,27,0,5.97,IN,1614397450
109,Bengkulu,-3.8004,102.2655,86.88,51,3,8.37,ID,1614397451
110,Broken Hill,-31.95,141.4333,86.0,17,0,10.36,AU,1614397452
111,Arrondissement de Nogent-le-Rotrou,48.3333,1.0,36.0,87,0,4.61,FR,1614397454
112,Yellowknife,62.456,-114.3525,-25.01,68,75,5.75,CA,1614397455
113,Saint Simons,31.1352,-81.3901,64.4,77,1,6.91,US,1614397456
114,Qaanaaq,77.484,-69.3632,5.31,73,74,7.94,GL,1614397458
115,Te Anau,-45.4167,167.7167,69.08,85,75,1.95,NZ,1614397459
116,Araouane,18.9048,-3.5265,60.35,29,0,6.38,ML,1614397460
117,Sorong,-0.8833,131.25,85.64,70,57,9.15,ID,1614397462
118,Boden,65.8252,21.6886,24.8,80,6,6.91,SE,1614397463
119,Kaitangata,-46.2817,169.8464,62.29,81,98,9.37,NZ,1614397464
120,Oxapampa,-10.5775,-75.4017,59.45,87,82,3.78,PE,1614397466
121,Bethel,41.3712,-73.414,35.6,51,1,3.44,US,1614397467
122,Mouzourás,35.5333,24.15,46.4,93,20,5.14,GR,1614397469
123,Tautira,-17.7333,-149.15,86.0,79,75,9.22,PF,1614397470
124,Hamilton,39.1834,-84.5333,42.01,93,90,6.78,US,1614397327
125,Milledgeville,33.0801,-83.2321,53.01,85,67,6.55,US,1614397472
126,Ancud,-41.8697,-73.8203,55.4,82,90,3.44,CL,1614397461
127,Poum,-20.2333,164.0167,82.45,71,96,7.49,NC,1614397475
128,Lüderitz,-26.6481,15.1594,61.43,87,0,4.94,NA,1614397476
129,Cockburn Town,21.4612,-71.1419,77.5,74,0,24.27,TC,1614397207
130,Kaputa,-8.4689,29.6619,66.36,85,100,3.56,ZM,1614397479
131,Husavik,66.0449,-17.3389,41.0,70,90,14.97,IS,1614397480
132,Bull Savanna,17.8868,-77.5902,71.33,79,12,8.5,JM,1614397481
133,Flin Flon,54.7682,-101.865,-22.99,92,3,5.86,CA,1614397483
134,Kinsale,51.7075,-8.5306,46.99,81,75,3.44,IE,1614397484
135,Chui,-33.6971,-53.4616,66.42,85,0,7.16,UY,1614397485
136,São João da Barra,-21.6403,-41.0511,75.49,89,100,11.03,BR,1614397487
137,Sarangani,5.4033,125.4636,82.31,78,60,13.87,PH,1614397488
138,Sirsa,29.5333,75.0167,76.62,24,0,13.91,IN,1614397489
139,Māngrol,21.1167,70.1167,78.42,58,0,9.8,IN,1614397491
140,Saint Paul Harbor,57.79,-152.4072,41.0,75,90,4.61,US,1614397492
141,Praia da Vitória,38.7333,-27.0667,57.2,94,75,6.8,PT,1614397493
142,Talnakh,69.4865,88.3972,-25.04,84,42,5.1,RU,1614397495
143,Moba,33.2288,105.0179,38.05,83,100,7.94,CN,1614397496
144,Nome,64.5011,-165.4064,-2.2,55,75,9.22,US,1614397497
145,Houma,29.5958,-90.7195,70.0,94,1,5.75,US,1614397397
146,Lloret de Mar,41.6999,2.8457,48.99,100,21,2.3,ES,1614397500
147,Port Elizabeth,-33.918,25.5701,62.6,88,75,3.78,ZA,1614397501
148,Severo-Yeniseyskiy,60.3725,93.0408,-17.12,85,100,9.6,RU,1614397510
149,Paraíso,9.8383,-83.8656,73.4,68,0,16.11,CR,1614397511
150,Brasiléia,-11.0161,-68.7481,76.05,89,100,2.28,BR,1614397512
151,Caucayá,-0.1934,-74.7819,73.6,95,97,0.65,CO,1614397513
152,Anadyr,64.75,177.4833,-18.0,63,0,15.66,RU,1614397515
153,Shimoda,34.6667,138.95,46.4,42,75,23.02,JP,1614397516
154,Margate,51.3813,1.3862,43.0,80,0,1.99,GB,1614397507
155,Airai,-8.9266,125.4092,67.21,100,93,2.21,TL,1614397519
156,Ponta do Sol,32.6667,-17.1,54.0,55,8,1.01,PT,1614397520
157,Middle Island,40.8843,-72.9373,39.99,60,1,6.91,US,1614397521
158,Port Blair,11.6667,92.75,82.51,50,1,5.08,IN,1614397522
159,Jieshi,22.8134,115.8257,66.76,77,100,17.22,CN,1614397524
160,Whitecourt,54.1502,-115.6855,6.8,72,90,6.91,CA,1614397525
161,Sioux Lookout,50.1001,-91.917,32.0,93,90,3.44,CA,1614397527
162,Cape Town,-33.9258,18.4232,64.4,68,0,8.05,ZA,1614397341
163,Codrington,-38.2667,141.9667,64.96,57,100,10.98,AU,1614397529
164,Skeldon,5.8833,-57.1333,74.62,91,85,7.87,GY,1614397530
165,Newala,-10.9431,39.2787,68.47,100,100,1.66,TZ,1614397531
166,Upernavik,72.7868,-56.1549,6.73,74,99,7.14,GL,1614397533
167,Oodweyne,9.4092,45.064,63.79,53,0,6.02,SO,1614397534
168,Jūybār,36.6412,52.9124,30.2,86,0,4.61,IR,1614397535
169,Cabo San Lucas,22.8909,-109.9124,69.8,35,20,6.91,MX,1614397509
170,Tilichiki,60.4667,166.1,-19.07,86,46,10.38,RU,1614397538
171,Isangel,-19.55,169.2667,87.8,66,75,9.22,VU,1614397539
172,Santiago del Estero,-27.7951,-64.2615,80.4,34,76,7.65,AR,1614397456
173,Erdenet,49.0333,104.0833,3.36,80,52,2.77,MN,1614397541
174,Pangnirtung,66.1451,-65.7125,-17.34,99,100,1.72,CA,1614397543
175,Urengoy,65.9667,78.3667,-17.7,88,94,0.72,RU,1614397544
176,Lompoc,34.6391,-120.4579,51.8,76,1,9.22,US,1614397398
177,Khatanga,71.9667,102.5,-31.79,80,7,0.94,RU,1614397547
178,Port Lincoln,-34.7333,135.8667,66.78,60,49,8.79,AU,1614397548
179,Abu Dhabi,24.4667,54.3667,66.2,68,0,9.22,AE,1614397549
180,Chegdomyn,51.1167,133.0167,12.94,91,100,2.19,RU,1614397551
181,Barrow,71.2906,-156.7887,-23.8,76,1,16.11,US,1614397552
182,Maturin,9.75,-63.1767,69.17,96,55,4.74,VE,1614397554
183,Cruzeiro do Sul,-29.5128,-51.9853,66.99,92,0,1.52,BR,1614397555
184,Marquette,46.5333,-87.6335,33.01,63,87,8.99,US,1614397556
185,Ikungi,-5.1333,34.7667,59.56,81,94,3.51,TZ,1614397558
186,Salalah,17.0151,54.0924,78.8,38,0,8.05,OM,1614397559
187,Solnechnyy,50.7214,136.6319,12.0,91,100,6.13,RU,1614397560
188,Klaksvík,62.2266,-6.589,46.4,81,20,20.71,FO,1614397562
189,Pachino,36.7186,15.0907,41.0,93,0,5.75,IT,1614397563
190,Serebryansk,49.6925,83.2892,3.2,72,75,8.95,KZ,1614397565
191,Taoudenni,22.6783,-3.9836,62.6,27,0,5.57,ML,1614397566
192,Bambous Virieux,-20.3428,57.7575,81.0,94,40,10.36,MU,1614397567
193,Rocha,-34.4833,-54.3333,62.28,93,0,5.84,UY,1614397568
194,Ilulissat,69.2167,-51.1,17.6,79,90,8.05,GL,1614397570
195,Houston,29.7633,-95.3633,71.01,88,90,5.75,US,1614397286
196,Inuvik,68.3499,-133.7218,-29.2,75,55,6.91,CA,1614397572
197,Mezen',65.8522,44.24,5.25,94,100,7.63,RU,1614397573
198,Bereket,39.2446,55.5154,37.71,65,0,4.43,TM,1614397575
199,Río Gallegos,-51.6226,-69.2181,53.6,87,0,3.44,AR,1614397576
200,Chambas,22.1928,-78.9136,77.0,78,20,11.5,CU,1614397578
201,Barra de Tecoanapa,16.5167,-98.75,75.36,78,0,2.42,MX,1614397579
202,Skjervøy,70.0311,20.9714,36.39,82,100,28.25,NO,1614397580
203,Mahébourg,-20.4081,57.7,77.0,94,40,10.36,MU,1614397581
204,Ostrovnoy,68.0531,39.5131,30.78,98,99,28.07,RU,1614397583
205,Makakilo City,21.3469,-158.0858,80.6,57,75,8.05,US,1614397421
206,Khargone,21.8167,75.6,81.88,30,0,8.75,IN,1614397583
207,Bridlington,54.0831,-0.1919,39.99,100,23,4.61,GB,1614397586
208,Kurchum,48.5722,83.6542,0.41,89,100,2.26,KZ,1614397587
209,Gilgit,35.9221,74.3087,45.79,55,95,2.1,PK,1614397589
210,Yizheng,24.6706,103.4296,64.0,64,22,11.14,CN,1614397590
211,Palu,-0.8917,119.8707,92.61,50,53,4.68,ID,1614397591
212,Zhigansk,66.7697,123.3711,-27.72,82,23,2.59,RU,1614397593
213,Nikolskoye,59.7035,30.7861,35.6,93,90,8.95,RU,1614397594
214,Ville-Marie,47.3335,-79.433,28.4,64,1,26.46,CA,1614397595
215,Sosnovo-Ozerskoye,52.5249,111.5418,2.26,84,40,17.81,RU,1614397596
216,Kununurra,-15.7667,128.7333,95.0,30,59,5.75,AU,1614397598
217,Smithers,54.7804,-127.1743,28.4,74,20,11.5,CA,1614397599
218,Muisne,0.6,-80.0333,77.61,84,100,4.94,EC,1614397601
219,Khovd,48.0056,91.6419,9.66,54,14,1.1,MN,1614397602
220,Mungwi,-10.1732,31.3694,61.05,96,100,2.62,ZM,1614397603
221,Haines Junction,60.7522,-137.5108,10.4,79,100,1.14,CA,1614397605
222,Mundo Nuevo (Ojo de Agua),18.7,-95.5,74.39,87,0,9.82,MX,1614397606
223,Naze,28.3667,129.4833,66.2,72,75,28.77,JP,1614397607
224,Porto-Novo,6.4965,2.6036,82.4,83,40,9.22,BJ,1614397592
225,Dunedin,-45.8742,170.5036,64.99,77,94,5.99,NZ,1614397610
226,Moree,-29.4667,149.85,86.0,54,51,10.36,AU,1614397611
227,Tsabong,-26.0217,22.401,72.1,62,0,7.54,BW,1614397613
228,Chara,56.9064,118.2631,-1.34,79,100,7.87,RU,1614397614
229,Asău,46.4333,26.4,37.99,61,0,4.14,RO,1614397615
230,Iranshahr,27.2025,60.6848,48.2,61,0,5.21,IR,1614397616
231,Padang,-0.9492,100.3543,87.8,55,20,5.75,ID,1614397617
232,Sørland,67.667,12.6934,40.39,85,100,20.83,NO,1614397619
233,Banda Aceh,5.5577,95.3222,83.03,63,37,4.38,ID,1614397516
234,Presidencia Roque Sáenz Peña,-26.7852,-60.4388,75.99,53,0,6.24,AR,1614397621
235,Phonhong,18.5007,102.4166,86.0,48,40,2.3,LA,1614397623
236,Manakara,-22.1333,48.0167,78.44,86,27,8.19,MG,1614397624
237,Adeje,28.1227,-16.726,63.0,62,20,9.22,ES,1614397625
238,Stary Oskol,51.2967,37.8417,34.47,89,100,11.56,RU,1614397627
239,Mackay,-21.15,149.2,84.2,74,75,14.97,AU,1614397628
240,Vanimo,-2.6741,141.3028,83.98,70,90,6.26,PG,1614397630
241,Emmaus,56.7805,36.115,26.11,98,100,8.16,RU,1614397631
242,Vestmannaeyjar,63.4427,-20.2734,44.82,91,100,23.33,IS,1614397633
243,Gallup,35.5281,-108.7426,37.0,24,1,11.81,US,1614397634
244,Tuktoyaktuk,69.4541,-133.0374,-25.6,75,40,14.97,CA,1614397635
245,Mon,26.75,95.1,75.11,39,23,2.66,IN,1614397637
246,Mount Gambier,-37.8333,140.7667,69.8,43,100,11.5,AU,1614397638
247,Muli,2.9167,73.5667,82.13,69,1,7.31,MV,1614397639
248,Najrān,17.4924,44.1277,53.6,47,0,3.06,SA,1614397641
249,Havelock,34.8791,-76.9013,61.0,91,100,8.79,US,1614397642
250,Magnolia,33.2671,-93.2393,55.99,94,90,3.44,US,1614397644
251,Bara,10.3744,10.7288,68.16,25,0,5.08,NG,1614397645
252,Kavaratti,10.5669,72.642,82.29,70,0,8.86,IN,1614397646
253,Inhambane,-23.865,35.3833,74.19,81,84,11.59,MZ,1614397640
254,Córdoba,-31.4135,-64.1811,73.99,88,0,5.75,AR,1614397465
255,Freeport,40.6576,-73.5832,39.2,70,1,10.36,US,1614397353
256,Viedma,-40.8135,-62.9967,73.36,53,53,11.16,AR,1614397651
257,Hualmay,-11.0964,-77.6139,70.97,73,20,4.7,PE,1614397652
258,San Cristobal,7.7669,-72.225,68.04,89,100,0.58,VE,1614397609
259,Maputo,-25.9653,32.5892,72.0,88,75,11.5,MZ,1614397655
260,Coquimbo,-29.9533,-71.3436,60.8,88,90,4.61,CL,1614397656
261,Buala,-8.145,159.5921,81.77,79,100,11.92,SB,1614397658
262,Greensboro,36.0726,-79.792,39.2,93,90,12.66,US,1614396879
263,Antalaha,-14.9003,50.2788,77.61,84,99,4.36,MG,1614397660
264,Wattegama,6.7989,81.4808,82.4,89,20,2.3,LK,1614397662
265,Neepawa,50.2289,-99.4664,1.4,85,90,28.77,CA,1614397663
266,Krasnosel'kup,65.7,82.4667,-18.74,87,100,2.1,RU,1614397664
267,Erbil,36.1926,44.0106,37.4,70,0,6.91,IQ,1614397666
268,Adré,13.4667,22.2,61.97,26,0,11.45,TD,1614397667
269,Hofn,64.2539,-15.2082,43.79,76,68,31.36,IS,1614397668
270,Ekibastuz,51.6667,75.3667,-14.37,85,0,10.58,KZ,1614397669
271,Turukhansk,65.8167,87.9833,-18.24,86,94,6.49,RU,1614397671
272,Brae,60.3964,-1.353,46.4,81,90,19.57,GB,1614397634
273,Måløy,61.9353,5.1136,46.99,100,90,12.66,NO,1614397673
274,Leningradskiy,69.3833,178.4167,-23.93,83,7,3.74,RU,1614397675
275,Garoowe,8.4054,48.4845,66.99,82,7,7.7,SO,1614397676
276,Vostok,46.4856,135.8833,20.62,93,38,1.34,RU,1614397678
277,Kirakira,-10.4544,161.9205,84.65,75,100,6.71,SB,1614397679
278,Birao,10.2849,22.7882,67.6,16,0,8.5,CF,1614397680
279,Erzin,36.9559,36.2,48.0,63,0,8.99,TR,1614397681
280,Jumla,29.2747,82.1838,55.44,35,0,4.74,NP,1614397683
281,Bubaque,11.2833,-15.8333,77.83,66,0,4.79,GW,1614397684
282,Cabatuan,10.8794,122.486,88.68,59,19,5.88,PH,1614397686
283,Izhma,65.0083,53.9113,-9.71,89,23,6.93,RU,1614397687
284,Bosaso,11.2842,49.1816,75.47,74,67,4.5,SO,1614397688
285,Ţahţā,26.7693,31.5021,51.8,54,0,3.44,EG,1614397562
286,Vila,42.0304,-8.1588,45.0,92,92,1.99,PT,1614397691
287,Aberystwyth,52.4155,-4.0829,39.0,100,5,6.06,GB,1614397692
288,Cherskiy,68.75,161.3,-23.89,85,1,1.14,RU,1614397693
289,Norman Wells,65.282,-126.8329,-20.2,69,75,5.75,CA,1614397695
290,Changji,44.0167,87.3167,10.4,79,41,2.24,CN,1614397696
291,Lagoa,39.05,-27.9833,58.82,93,82,13.98,PT,1614397697
292,Matamoros,25.5333,-103.25,80.6,14,75,1.72,MX,1614397699
293,Egvekinot,66.3167,-179.1667,-21.26,83,0,14.65,RU,1614397700
294,Parfen'yevo,58.484,43.4088,4.8,94,100,8.21,RU,1614397701
295,Hambantota,6.1241,81.1185,82.4,89,20,2.3,LK,1614397703
296,Hailey,43.5196,-114.3153,24.8,58,75,9.22,US,1614397704
297,Jalu,29.0331,21.5482,52.81,73,100,6.62,LY,1614397705
298,Tres Arroyos,-38.3739,-60.2798,77.14,28,40,14.67,AR,1614397603
299,Severnyy,50.677,36.5532,35.6,87,0,8.95,RU,1614397708
300,Belgrade,44.804,20.4651,45.0,81,0,4.61,RS,1614397709
301,Novaya Lyalya,59.055,60.599,-16.35,88,15,3.94,RU,1614397710
302,Mossamedes,-15.1961,12.1522,68.47,83,72,7.16,AO,1614397712
303,Half Moon Bay,37.4636,-122.4286,51.8,81,1,23.02,US,1614397713
304,Kahului,20.8947,-156.47,78.8,53,20,27.63,US,1614397580
305,Olutanga,7.3106,122.8464,81.97,76,14,1.45,PH,1614397716
306,Mehamn,71.0357,27.8492,33.69,90,94,17.2,NO,1614397717
307,Tagusao,9.1924,117.8141,85.95,64,2,1.57,PH,1614397719
308,Mahon,39.8885,4.2658,44.6,100,0,6.91,ES,1614397686
309,Orlik,52.5178,99.825,-9.58,72,1,4.83,RU,1614397721
310,Kovdor,67.5662,30.4758,18.1,95,58,4.92,RU,1614397723
311,Zig,40.127,-92.7663,39.99,81,90,5.75,US,1614397724
312,Zilupe,56.3862,28.1217,33.76,96,100,8.52,LV,1614397726
313,Sembakung,3.8167,117.25,87.8,70,40,5.75,ID,1614397727
314,Martaban,16.5314,97.6111,85.12,47,0,4.16,MM,1614397728
315,Yerofey Pavlovich,53.9667,121.9667,0.37,91,100,11.72,RU,1614397729
316,Road Town,18.4167,-64.6167,75.99,86,1,18.01,VG,1614397731
317,Morogoro,-6.8167,37.6667,70.39,87,99,0.63,TZ,1614397732
318,Carnarvon,-24.8667,113.6333,80.6,74,90,17.27,AU,1614397733
319,Geraldton,-28.7667,114.6,80.6,47,79,18.41,AU,1614397735
320,Dalvik,65.9702,-18.5286,41.0,70,90,14.97,IS,1614397736
321,Holme,56.1138,10.1725,39.0,100,2,5.75,DK,1614397737
322,Tura,25.5198,90.2201,81.39,34,0,3.69,IN,1614397738
323,Dingolfing,48.6333,12.5,39.0,67,52,9.37,DE,1614397740
324,Englewood,39.6478,-104.9878,32.0,55,20,11.5,US,1614397683
325,Malakal,9.5334,31.6605,75.04,20,0,10.65,SS,1614397742
326,Yatou,37.15,122.3833,49.05,55,61,12.57,CN,1614397744
327,Shihezi,44.3,86.0333,9.23,90,60,4.79,CN,1614397745
328,Takoradze,4.8845,-1.7554,78.31,87,3,5.39,GH,1614397746
329,Bilma,18.6853,12.9164,62.11,26,0,15.12,NE,1614397747
330,Zhezkazgan,47.8043,67.7144,-0.85,91,100,9.55,KZ,1614397749
331,Port-Gentil,-0.7193,8.7815,80.24,77,98,7.2,GA,1614397750
332,Cody,44.5263,-109.0565,28.4,59,1,14.97,US,1614397751
333,Opuwo,-18.0607,13.84,58.98,66,35,0.49,NA,1614397583
334,Iracoubo,5.4802,-53.2011,76.98,84,100,15.43,GF,1614397754
335,Mizdah,31.4451,12.9801,43.52,89,0,1.61,LY,1614397755
336,Rafsanjān,30.4067,55.9939,37.4,63,0,3.09,IR,1614397757
337,Ures,29.4333,-110.4,57.0,25,3,1.99,MX,1614397758
338,Akhtyrskiy,44.8546,38.3031,41.0,80,18,15.99,RU,1614397759
339,Aswān,24.0934,32.907,54.55,40,0,8.52,EG,1614397760
340,Gashua,12.871,11.0482,68.81,23,0,10.54,NG,1614397762
341,Chukhloma,58.7525,42.6825,4.86,94,100,8.25,RU,1614397763
342,Kudahuvadhoo,2.6708,72.8944,82.08,69,20,7.85,MV,1614397764
343,Souillac,-20.5167,57.5167,77.0,94,40,10.36,MU,1614397765
344,Oussouye,12.485,-16.5469,73.4,60,0,6.91,SN,1614397767
345,Bam,29.106,58.357,43.32,51,0,4.47,IR,1614397768
346,Moffat,55.3323,-3.4454,44.01,99,83,4.61,GB,1614397770
347,Bjørnevatn,69.6672,29.9847,28.4,80,40,11.5,NO,1614397771
348,Agua Dulce,18.1333,-94.1333,73.62,89,0,3.87,MX,1614397772
349,Mnogovershinnyy,53.9353,139.9242,9.18,83,3,2.46,RU,1614397773
350,Vana-Vigala,58.7806,24.2522,35.01,77,31,14.0,EE,1614397775
351,Terrace Bay,48.7834,-87.1,35.6,80,100,11.5,CA,1614397776
352,Fairbanks,64.8378,-147.7164,18.0,86,90,5.06,US,1614397777
353,Pioner,55.3166,85.9508,-11.2,70,20,11.18,RU,1614397778
354,Bollnäs,61.3482,16.3946,30.0,90,3,6.15,SE,1614397779
355,Hailar,49.2,119.7,19.04,92,100,19.46,CN,1614397781
356,Zyryanka,65.75,150.85,-19.84,87,100,1.01,RU,1614397782
357,Vila Franca do Campo,37.7167,-25.4333,59.0,94,75,5.75,PT,1614397783
358,Saldanha,-33.0117,17.9442,64.4,68,0,4.61,ZA,1614397785
359,Key West,24.5557,-81.7826,77.0,78,1,19.57,US,1614397705
360,Ambon City,-3.6954,128.1814,93.2,52,40,11.5,ID,1614397787
361,Honiara,-9.4333,159.95,79.34,84,100,10.51,SB,1614397789
362,Mirador,-6.3708,-44.3631,72.01,92,100,0.65,BR,1614397790
363,Batasan,12.7667,120.7833,83.37,66,1,7.83,PH,1614397791
364,Laas,46.6166,10.7002,43.0,80,0,4.61,IT,1614397666
365,Torit,4.4133,32.5678,78.78,31,0,2.08,SS,1614397794
366,Kiryat Gat,31.61,34.7642,54.0,70,0,1.34,IL,1614397795
367,Ponta Delgada,37.7333,-25.6667,59.0,94,75,5.75,PT,1614397796
368,Aleksandrovskoye,44.7142,43.0008,41.0,81,40,8.95,RU,1614397797
369,Buraidah,26.326,43.975,44.6,76,0,5.59,SA,1614397799
370,Hasaki,35.7333,140.8333,48.0,24,75,23.02,JP,1614397800
371,Samoded,63.6083,40.5111,3.61,94,78,3.4,RU,1614397802
372,Arrondissement de Saint-Malo,48.5,-1.8333,37.0,93,0,5.75,FR,1614397805
373,Yaan,7.3833,8.5667,76.05,81,21,8.52,NG,1614397806
374,Jiujiang,29.7333,115.9833,51.71,80,100,6.85,CN,1614397807
375,Malanje,-9.5402,16.341,61.81,97,99,1.79,AO,1614397808
376,Awjilah,29.1081,21.2869,53.29,64,99,6.08,LY,1614397810
377,Mossendjo,-2.9506,12.7261,67.01,98,91,0.29,CG,1614397811
378,Paita,-5.0892,-81.1144,74.77,77,33,5.26,PE,1614397812
379,Beringovskiy,63.05,179.3167,-20.45,86,39,13.73,RU,1614397813
380,Weatherford,32.7593,-97.7972,52.0,90,91,7.85,US,1614397815
381,Koungheul,13.9833,-14.8,69.4,21,0,9.55,SN,1614397816
382,Chapais,49.7834,-74.8492,23.0,80,1,21.85,CA,1614397817
383,Khāsh,28.2211,61.2158,41.92,67,6,6.24,IR,1614397819
384,Rundu,-17.9333,19.7667,62.53,95,80,2.66,NA,1614397820
385,Kuala Kedah,6.1,100.3,86.0,66,40,4.61,MY,1614397821
386,Verkh-Suetka,53.3,80.05,-16.47,88,98,7.81,RU,1614397823
387,São Pedro do Sul,-29.6206,-54.1789,69.8,88,0,9.22,BR,1614397824
388,Tobol,52.6844,62.5794,-0.35,93,99,14.18,KZ,1614397825
389,Quanzhou,24.9139,118.5858,66.2,68,75,6.71,CN,1614397827
390,Nemuro,43.3236,145.575,23.0,58,75,11.5,JP,1614397687
391,Sinnamary,5.3833,-52.95,76.98,85,100,14.76,GF,1614397829
392,Argelia,2.2556,-77.2488,66.6,78,100,0.72,CO,1614397830
393,Toora-Khem,52.4675,96.11,-2.78,86,100,1.57,RU,1614397832
394,Ouricuri,-7.8825,-40.0817,72.09,86,99,2.91,BR,1614397833
395,Cururupu,-1.8283,-44.8683,75.15,96,100,2.19,BR,1614397835
396,Tallahassee,30.4383,-84.2807,61.0,88,1,3.15,US,1614397761
397,Bloomfield,40.8068,-74.1854,39.2,41,1,3.44,US,1614397583
398,Rawson,-43.3002,-65.1023,65.68,79,80,11.79,AR,1614397838
399,Kushiro,42.975,144.3747,26.6,46,75,9.22,JP,1614397840
400,Pleshanovo,52.8333,53.4833,17.87,97,100,15.41,RU,1614397841
401,Peniche,39.3558,-9.3811,54.0,91,88,7.83,PT,1614397842
402,Roald,62.5833,6.1333,46.4,76,90,21.85,NO,1614397844
403,Grand Gaube,-20.0064,57.6608,81.0,75,50,8.99,MU,1614397683
404,Havre-St-Pierre,50.2334,-63.5986,5.0,56,1,10.36,CA,1614397846
405,Peleduy,59.6289,112.7406,-3.15,82,98,7.67,RU,1614397847
406,Whitehorse,60.7161,-135.0538,15.01,79,75,4.61,CA,1614397849
407,Vidisha,23.5333,77.8167,69.8,56,0,4.61,IN,1614397850
408,Ambilobe,-13.2,49.05,75.78,91,60,1.34,MG,1614397851
409,Chumikan,54.7183,135.315,7.36,87,77,11.74,RU,1614397852
410,Hedaru,-4.5,37.9,71.47,66,0,1.97,TZ,1614397854
411,Pisco,-13.7,-76.2167,73.4,73,0,2.3,PE,1614397855
412,Dolores,-36.3132,-57.6792,68.14,72,6,8.39,AR,1614397856
413,Varhaug,58.6147,5.6457,42.8,93,90,4.61,NO,1614397857
414,Anloga,5.7947,0.8973,82.4,78,40,6.91,GH,1614397859
415,Rantauprapat,2.1,99.8333,88.05,60,52,2.51,ID,1614397860
416,Saint-Leu,-21.15,55.2833,81.0,60,7,2.19,RE,1614397861
417,Cacoal,-11.4386,-61.4472,72.75,94,100,3.22,BR,1614397863
418,Karratha,-20.7377,116.8463,94.08,28,28,13.6,AU,1614397864
419,Santa Quitéria do Maranhão,-3.5156,-42.5467,74.07,96,100,3.71,BR,1614397865
420,Harper,4.375,-7.7169,77.88,88,100,5.12,LR,1614397867
421,Mahajanga,-15.7167,46.3167,77.0,94,40,3.44,MG,1614397868
422,Krasavino,60.9614,46.4814,-5.26,97,98,4.72,RU,1614397869
423,Latung,5.5,120.8833,83.66,70,3,6.4,PH,1614397870
424,Baruun-Urt,46.6806,113.2792,20.03,93,100,11.97,MN,1614397872
425,Ahipara,-35.1667,173.1667,70.11,69,77,2.39,NZ,1614397873
426,Pochutla,15.7432,-96.4661,77.0,85,0,4.0,MX,1614397874
427,General Cepeda,25.3833,-101.45,64.4,42,75,5.75,MX,1614397876
428,Comodoro Rivadavia,-45.8667,-67.5,62.6,94,75,7.36,AR,1614397877
429,Oconomowoc,43.1117,-88.4993,34.0,74,90,8.16,US,1614397879
430,Vangaindrano,-23.35,47.6,76.26,92,90,4.25,MG,1614397880
431,Gouré,13.9835,10.2704,71.01,17,0,7.0,NE,1614397882
432,Chatham,51.3789,0.5279,39.0,93,0,2.3,GB,1614397883
433,Lungi,9.2212,-12.6831,73.2,85,0,2.04,SL,1614397884
434,Melenki,55.3343,41.6295,23.85,97,100,18.81,RU,1614397886
435,Babaeski,41.4325,27.0931,41.85,82,0,0.6,TR,1614397887
436,Fomboni,-12.28,43.7425,82.71,76,85,8.59,KM,1614397889
437,Bereda,43.2686,-7.5406,46.0,100,98,3.0,ES,1614397890
438,Sūsangerd,31.5608,48.1831,53.6,62,0,4.61,IR,1614397892
439,Lata,40.1629,-8.3327,53.01,93,40,1.14,PT,1614397893
440,Bac Lieu,9.285,105.7244,86.63,57,2,8.68,VN,1614397894
441,Sault Ste. Marie,46.5168,-84.3333,35.6,48,1,10.36,CA,1614397895
442,Il’inskiy,55.619,38.1182,35.6,87,75,17.9,RU,1614397897
443,Yar-Sale,66.8333,70.8333,-16.02,89,5,4.5,RU,1614397898
444,Urubichá,-15.3833,-62.95,73.65,88,88,0.92,BO,1614397899
445,Manicoré,-5.8092,-61.3003,73.76,97,100,2.66,BR,1614397901
446,Fortuna,40.5982,-124.1573,46.0,87,20,11.5,US,1614397902
447,Aitape,-3.1374,142.3475,85.8,65,31,9.08,PG,1614397903
448,Tuatapere,-46.1333,167.6833,63.0,86,71,13.0,NZ,1614397904
449,Angoche,-16.2325,39.9086,78.67,77,85,2.8,MZ,1614397906
450,Nikol'sk,53.7189,46.0712,31.98,98,100,15.93,RU,1614397907
451,Kaoma,-14.7833,24.8,63.61,98,99,4.25,ZM,1614397908
452,Visby,57.6409,18.296,37.99,81,0,13.8,SE,1614397909
453,Bonavista,48.6499,-53.1147,18.0,85,100,6.91,CA,1614397911
454,Pitimbu,-7.4706,-34.8086,73.4,100,0,4.61,BR,1614397912
455,Chachapoyas,-6.2317,-77.869,51.37,80,93,2.06,PE,1614397914
456,Estelle,29.8458,-90.1067,71.6,100,75,8.05,US,1614397842
457,Mana,5.6592,-53.7767,76.57,85,97,13.58,GF,1614397696
458,The Valley,18.217,-63.0578,78.01,69,20,14.97,AI,1614397917
459,San Miguel,13.4833,-88.1833,74.75,67,29,1.83,SV,1614397919
460,Tongliao,43.6125,122.2653,51.21,36,33,27.02,CN,1614397661
461,Ardakān,32.31,54.0175,32.0,93,0,2.3,IR,1614397921
462,Rome,43.2128,-75.4557,28.99,64,1,8.05,US,1614397923
463,Marsá Maţrūḩ,31.3525,27.2453,60.8,77,40,5.75,EG,1614397924
464,Trujillo,-8.116,-79.03,69.8,83,22,3.44,PE,1614397787
465,Tuy Hoa,13.0833,109.3,80.37,70,10,5.57,VN,1614397927
466,Narrabri,-30.3167,149.7833,82.4,54,59,8.05,AU,1614397928
467,Paracuru,-3.41,-39.0306,81.0,75,100,5.01,BR,1614397930
468,Huarmey,-10.0681,-78.1522,71.67,71,24,5.82,PE,1614397931
469,Balaipungut,1.05,101.2833,87.8,62,0,5.75,ID,1614397932
470,Nerchinskiy Zavod,51.3088,119.61,12.45,91,100,16.17,RU,1614397934
471,Nishihara,26.1842,127.7558,73.4,68,75,11.5,JP,1614397935
472,Westport,41.1415,-73.3579,37.4,70,1,6.91,US,1614397926
473,Akureyri,65.6835,-18.0878,41.0,70,90,14.97,IS,1614397938
474,Cervo,43.6702,-7.4101,44.01,100,100,3.0,ES,1614397939
475,Peñablanca,17.6242,121.7867,83.52,70,82,5.26,PH,1614397940
476,Zawiercie,50.4877,19.4168,39.99,95,100,1.99,PL,1614397942
477,Linjiang,41.8069,126.9078,43.72,57,6,3.36,CN,1614397943
478,Santa Ana,33.7456,-117.8678,59.0,58,1,6.91,US,1614397799
479,Nantucket,41.2835,-70.0995,35.01,60,1,10.36,US,1614397945
480,Darovskoy,58.77,47.9564,1.02,93,100,8.68,RU,1614397947
481,Qeshm,26.9581,56.2719,62.6,55,20,4.61,IR,1614397948
482,North Myrtle Beach,33.816,-78.68,55.99,94,75,3.44,US,1614397949
483,Puerto Escondido,15.85,-97.0667,78.8,83,20,3.44,MX,1614397950
484,Verkhoyansk,67.5447,133.385,-20.67,86,76,1.77,RU,1614397952
485,Galesong,-5.3166,119.3661,80.6,89,20,1.14,ID,1614397953
486,Safaga,26.7292,33.9365,57.2,44,0,8.05,EG,1614397955
487,Ballina,-28.8667,153.5667,84.2,74,82,10.36,AU,1614397956
488,Sarany,58.5,58.8833,-15.41,89,7,8.46,RU,1614397957
489,Khorramshahr,30.4397,48.1664,50.0,76,0,2.3,IR,1614397958
490,Da Lat,11.9465,108.4419,80.2,35,0,3.53,VN,1614397960
491,Lichtenfels,50.1457,11.0593,33.01,99,0,2.1,DE,1614397961
492,Todos Santos,23.45,-110.2167,64.99,85,2,1.43,MX,1614397962
493,Mt. Pleasant,32.7941,-79.8626,60.01,100,40,7.74,US,1614397782
494,Inta,66.0317,60.1659,-3.17,79,100,2.51,RU,1614397965
495,Port Hedland,-20.3167,118.5667,98.6,44,5,14.97,AU,1614397716
496,Atherton,53.5237,-2.4935,36.0,82,4,2.71,GB,1614397967
497,Store Heddinge,55.3097,12.3889,37.0,93,0,10.36,DK,1614397969
498,Chenghai,23.4632,116.768,62.6,77,90,2.24,CN,1614397970
499,Metro,-5.1131,105.3067,84.9,74,52,10.69,ID,1614397793
500,Ogbomosho,8.133,4.25,71.92,94,0,2.57,NG,1614397973
501,Dingle,10.9995,122.6711,86.95,66,35,6.96,PH,1614397974
502,Torphins,57.1056,-2.624,36.0,87,28,5.75,GB,1614397975
503,Mandalgovi,45.7625,106.2708,16.5,65,100,15.82,MN,1614397977
504,Charters Towers,-20.1,146.2667,76.35,79,100,8.48,AU,1614397978
505,Butler,39.4501,-84.5666,42.01,93,90,9.64,US,1614397722
506,Praia,14.9215,-23.5087,68.0,64,0,27.63,CV,1614397981
507,Saint-Augustin,51.226,-58.6502,-1.8,84,0,8.59,CA,1614397982
508,Itarema,-2.9248,-39.9167,77.14,89,97,7.09,BR,1614397984
509,Mattoon,39.4831,-88.3728,39.2,93,90,11.5,US,1614397775
510,Sinjai,-5.1241,120.253,90.07,55,33,4.59,ID,1614397986
511,Fort Nelson,58.8053,-122.7002,-7.6,84,20,2.3,CA,1614397988
512,Poputnaya,44.5125,41.4392,35.83,85,57,4.38,RU,1614397989
513,San Patricio,28.017,-97.5169,71.6,94,90,19.57,US,1614397990
514,North Bend,43.4065,-124.2243,44.6,81,90,9.22,US,1614397991
515,Plainfield,40.6168,-74.4173,39.2,60,75,3.44,US,1614397922
516,Narsaq,60.9167,-46.05,26.6,74,90,1.14,GL,1614397994
517,Huicheng,23.0385,116.2899,62.6,77,90,2.24,CN,1614397995
518,Kāmyārān,34.7956,46.9355,26.6,80,0,3.2,IR,1614397996
519,Arecibo,18.4724,-66.7157,75.0,95,28,1.01,PR,1614397998
520,Yulara,-25.2406,130.9889,95.0,8,0,9.22,AU,1614397999
521,Kruisfontein,-34.0033,24.7314,55.99,94,0,3.83,ZA,1614398000
522,Kismayo,-0.3582,42.5454,76.26,84,7,9.35,SO,1614398002
523,Jaru,-10.4389,-62.4664,73.24,96,100,2.91,BR,1614398003
524,Arlington,32.7357,-97.1081,54.0,82,1,5.61,US,1614397817
525,Natchez,31.5604,-91.4032,71.6,83,1,10.36,US,1614397911
526,Portland,45.5234,-122.6762,43.0,70,75,17.27,US,1614397393
527,Verāval,20.9,70.3667,79.14,53,0,11.39,IN,1614398008
528,Kamina,-8.7386,24.9906,64.65,92,100,1.59,CD,1614398009
529,Taseyevo,57.2169,94.8978,-7.8,86,100,9.6,RU,1614398011
530,Arman',59.7,150.1667,2.01,71,0,6.33,RU,1614398012
531,Ust'-Ilimsk,58.0006,102.6619,-8.48,85,99,9.04,RU,1614398013
532,St. George's,12.0564,-61.7485,77.0,83,40,23.02,GD,1614398014
533,Kharhiāl,20.2833,82.7667,86.56,15,0,1.41,IN,1614398015
534,Safi,32.2994,-9.2372,54.81,77,100,4.74,MA,1614398017
535,‘Āhuimanu,21.4447,-157.8378,80.6,69,90,17.27,US,1614398018
536,Pacific Grove,36.6177,-121.9166,51.01,85,0,10.0,US,1614398019
537,Yangi Marg`ilon,40.4272,71.7189,26.6,68,100,2.3,UZ,1614398021
538,Nara,34.6851,135.8049,48.2,37,75,10.36,JP,1614398022
539,Zeya,53.75,127.2667,3.99,90,100,11.14,RU,1614398024
540,Sabha,27.0377,14.4283,46.98,83,0,9.6,LY,1614398025
541,Dwārka,22.2394,68.9678,78.28,68,0,9.24,IN,1614398026
542,Białogard,54.007,15.9875,39.0,100,65,9.89,PL,1614398027
543,Shushenskoye,53.325,91.9356,-0.4,55,0,15.66,RU,1614398029
544,Sehithwa,-20.4667,22.7167,64.71,84,0,4.94,BW,1614398030
545,Sergeevka,53.88,67.4158,-17.27,94,27,7.09,KZ,1614398031
546,Mountain Home,43.133,-115.6912,32.0,74,1,16.11,US,1614398032
547,Badou,7.5833,0.6,73.38,90,82,2.1,TG,1614398034
548,Prainha,-1.8,-53.48,73.67,95,85,3.24,BR,1614398035
549,Xichang,27.8964,102.2634,64.56,43,86,5.53,CN,1614398036
